State_UT,Primary_6-10,Upper_Primary_11-13,Secondary_14-15,Higher_Secondary_16-17,GPI_Secondary
Kerala,99.8,99.9,98.5,92.3,1.05
Tamil Nadu,99.5,99.7,95.2,85.6,1.03
Himachal Pradesh,99.9,99.8,94.8,88.2,1.04
Delhi,102.3,101.5,92.1,80.5,1.06
Uttar Pradesh,98.2,96.5,78.9,55.2,1.02
Bihar,97.5,94.3,72.1,48.9,1.01
Assam,99.1,97.8,82.3,62.4,1.04
All India,99.1,98.2,78.7,58.4,1.04
